Date,M2V,UNRATE,CPIAUCNS,PPIACO,FEDFUNDS,Adj.Close,GOLD,WTISPLC..crude.oil..,PERMIT..Units..000s,Cluster,DXY
1985-01-01,1.799,7.3,105.5,103.4,8.35,179.6300049,325.3,25.641,1660,3,152.72000122070312
1985-02-01,1.799,7.2,106.0,103.3,8.5,181.1799927,321.9,27.271,1662,3,160.41000366210938
1985-03-01,1.799,7.2,106.4,103.1,8.58,180.6600037,345.4,28.238,1727,3,149.17999267578125
1985-04-01,1.795,7.3,106.9,103.3,8.27,179.8300018,338.9,28.805,1664,3,149.6999969482422
1985-05-01,1.795,7.2,107.3,103.5,7.97,189.5500031,345.7,27.623,1709,3,147.86000061035156
1985-06-01,1.795,7.4,107.6,103.3,7.53,191.8500061,340.4,27.143,1716,3,146.1199951171875
1985-07-01,1.795,7.4,107.8,103.2,7.88,190.9199982,342.4,27.329,1697,3,137.25999450683594
1985-08-01,1.795,7.1,108.0,102.7,7.9,188.6300049,342.7,27.755,1808,3,138.1999969482422
1985-09-01,1.795,7.1,108.3,102.1,7.92,182.0800018,348.3,28.289,1916,3,132.1199951171875
1985-10-01,1.792,7.1,108.7,102.9,7.99,189.8200073,376.6,29.538,1743,3,129.38999938964844
1985-11-01,1.792,7.0,109.0,103.4,8.05,202.1699982,417.7,30.813,1692,3,124.98999786376953
1985-12-01,1.792,7.0,109.3,103.6,8.27,211.2799988,423.5,27.228,1794,3,123.45999908447266
1986-01-01,1.792,6.7,109.6,103.2,8.14,211.7799988,397.6,22.945,1847,3,121.5199966430664
1986-02-01,1.792,7.2,109.3,101.7,7.86,226.9199982,390.9,15.442,1767,3,115.08000183105469
1986-03-01,1.792,7.2,108.8,100.3,7.48,238.8999939,408.3,12.618,1780,3,117.91999816894531
1986-04-01,1.76,7.1,108.6,99.6,6.99,235.5200043,401.1,12.847,1858,3,111.7699966430664
1986-05-01,1.76,7.2,108.9,100.0,6.85,247.3500061,408.9,15.444,1797,3,117.51000213623047
1986-06-01,1.76,7.2,109.5,99.9,6.92,250.8399963,438.4,13.469,1790,3,111.61000061035156
1986-07-01,1.741,7.0,109.5,99.4,6.56,236.1199951,460.2,11.575,1780,3,108.04000091552734
1986-08-01,1.741,6.9,109.7,99.3,6.17,252.9299927,449.6,15.092,1726,3,106.43000030517578
1986-09-01,1.741,7.0,110.2,99.4,5.89,231.3200073,450.5,14.913,1686,3,106.73999786376953
1986-10-01,1.721,7.0,110.3,99.7,5.85,243.9799957,461.2,14.852,1675,3,109.2699966430664
1986-11-01,1.721,6.9,110.4,99.8,6.04,249.2200012,460.4,15.207,1644,3,105.91999816894531
1986-12-01,1.721,6.6,110.5,99.7,6.91,242.1699982,465.4,16.076,1903,3,103.58000183105469
1987-01-01,1.718,6.6,111.2,100.5,6.43,274.0799866,467.6,18.656,1690,3,99.86000061035156
1987-02-01,1.718,6.6,111.6,101.0,6.1,284.2000122,486.2,17.726,1689,3,99.26000213623047
1987-03-01,1.718,6.6,112.1,101.2,6.13,291.7000122,476.6,18.305,1704,3,97.11000061035156
1987-04-01,1.734,6.3,112.7,101.9,6.37,288.3599854,442.1,18.643,1601,3,95.94000244140625
1987-05-01,1.734,6.3,113.1,102.6,6.85,290.1000061,443.6,19.415,1500,3,97.7699966430664
1987-06-01,1.734,6.2,113.5,103.0,6.73,304.0,451.6,20.034,1522,3,98.12999725341797
1987-07-01,1.751,6.1,113.8,103.5,6.58,318.6600037,451.1,21.355,1516,3,99.79000091552734
1987-08-01,1.751,6.0,114.4,103.8,6.73,329.7999878,451.3,20.274,1511,3,97.31999969482422
1987-09-01,1.751,5.9,115.0,103.7,7.22,321.8299866,437.6,19.526,1514,3,98.56999969482422
1987-10-01,1.776,6.0,115.3,104.1,7.29,251.7899933,431.3,19.848,1447,3,93.6500015258789
1987-11-01,1.776,5.8,115.4,104.2,6.69,230.3000031,413.5,18.92,1457,3,89.1500015258789
1987-12-01,1.776,5.7,115.4,104.2,6.77,247.0800018,406.8,17.241,1345,3,85.41999816894531
1988-01-01,1.768,5.7,115.7,104.6,6.83,257.0700073,420.2,17.16,1244,3,90.33999633789062
1988-02-01,1.768,5.7,116.0,104.8,6.58,267.8200073,419.1,16.765,1438,3,90.52999877929688
1988-03-01,1.768,5.7,116.5,104.9,6.58,258.8900146,404.0,16.217,1525,3,88.30000305175781
1988-04-01,1.774,5.4,117.1,105.8,6.87,261.3299866,387.5,17.875,1429,3,89.16000366210938
1988-05-01,1.774,5.6,117.5,106.5,7.09,262.1600037,390.2,17.438,1444,3,91.08999633789062
1988-06-01,1.774,5.4,118.0,107.2,7.51,273.5,384.4,16.53,1485,3,95.41000366210938
1988-07-01,1.79,5.4,118.5,107.9,7.75,272.019989,371.1,15.498,1439,3,97.52999877929688
1988-08-01,1.79,5.6,119.0,108.0,8.01,261.519989,367.6,15.524,1460,3,98.41999816894531
1988-09-01,1.79,5.4,119.8,108.1,8.19,271.9100037,375.0,14.467,1436,3,97.69000244140625
1988-10-01,1.813,5.4,120.2,108.2,8.3,278.9700012,365.1,13.798,1516,3,93.76000213623047
1988-11-01,1.813,5.3,120.3,108.3,8.35,273.7000122,361.8,13.977,1508,3,90.52999877929688
1988-12-01,1.813,5.3,120.5,109.0,8.76,277.7200012,366.9,16.266,1501,3,92.5
1989-01-01,1.84,5.4,121.1,110.5,9.12,297.4700012,394.3,17.983,1466,3,96.7699966430664
1989-02-01,1.84,5.2,121.6,110.8,9.36,288.8599854,409.4,17.826,1383,3,94.9000015258789
1989-03-01,1.84,5.0,122.3,111.5,9.85,294.8699951,410.1,19.445,1214,3,98.13999938964844
1989-04-01,1.861,5.2,123.1,112.3,9.84,309.6400146,416.8,21.04,1376,3,97.70999908447266
1989-05-01,1.861,5.2,123.8,113.2,9.81,320.519989,393.1,20.032,1381,3,102.9800033569336
1989-06-01,1.861,5.3,124.1,112.9,9.53,317.980011,374.2,20.005,1322,3,102.0199966430664
1989-07-01,1.853,5.2,124.4,112.8,9.24,346.0799866,369.1,19.644,1283,3,97.38999938964844
1989-08-01,1.853,5.2,124.6,112.0,8.99,351.4500122,352.3,18.522,1334,3,102.27999877929688
1989-09-01,1.853,5.3,125.0,112.4,9.02,349.1499939,362.5,19.594,1314,3,98.47000122070312
1989-10-01,1.834,5.3,125.6,112.8,8.84,340.3599854,394.7,20.091,1365,3,98.06999969482422
1989-11-01,1.834,5.4,125.9,112.7,8.55,345.9899902,389.3,19.82,1344,3,96.2699966430664
1989-12-01,1.834,5.4,126.1,113.0,8.45,353.3999939,380.7,21.088,1422,3,93.20999908447266
1990-01-01,1.848,5.4,127.4,114.9,8.23,329.0799866,381.7,22.641,1748,3,92.41000366210938
1990-02-01,1.848,5.3,128.0,114.4,8.24,331.8900146,377.0,22.108,1329,3,93.29000091552734
1990-03-01,1.848,5.2,128.7,114.2,8.28,339.9400024,383.6,20.418,1246,3,93.69000244140625
1990-04-01,1.859,5.4,128.9,114.1,8.26,330.7999878,363.8,18.582,1136,3,93.06999969482422
1990-05-01,1.859,5.4,129.2,114.6,8.18,361.230011,363.3,18.237,1067,3,92.9800033569336
1990-06-01,1.859,5.2,129.9,114.3,8.29,358.019989,358.4,16.871,1108,3,91.1500015258789
1990-07-01,1.856,5.5,130.4,114.5,8.15,356.1499939,357.0,18.638,1078,3,87.16999816894531
1990-08-01,1.856,5.7,131.6,116.5,8.13,322.5599976,366.7,27.174,1069,3,86.55999755859375
1990-09-01,1.856,5.9,132.7,118.4,8.2,306.0499878,367.7,33.687,976,3,86.0
1990-10-01,1.839,5.9,133.5,120.8,8.11,304.0,356.3,35.922,925,3,83.27999877929688
1990-11-01,1.839,6.2,133.8,120.1,7.81,322.2200012,348.7,32.3,941,3,82.93000030517578
1990-12-01,1.839,6.3,133.8,118.7,7.31,330.2200012,358.7,27.337,861,3,83.06999969482422
1991-01-01,1.826,6.4,134.6,119.0,6.91,343.9299927,360.2,24.959,786,3,82.0
1991-02-01,1.826,6.6,134.8,117.2,6.25,367.0700073,361.7,20.523,853,3,84.08000183105469
1991-03-01,1.826,6.8,135.0,116.2,6.12,375.2200012,354.5,19.86,911,3,92.0199966430664
1991-04-01,1.833,6.7,135.2,116.0,5.91,375.3399963,353.9,20.823,916,3,91.54000091552734
1991-05-01,1.833,6.9,135.6,116.5,5.78,389.8299866,344.3,21.24,991,3,93.12999725341797
1991-06-01,1.833,6.9,136.0,116.4,5.9,371.1600037,338.6,20.195,964,3,96.05999755859375
1991-07-01,1.85,6.8,136.2,116.1,5.82,387.8099976,337.2,21.42,973,3,93.48999786376953
1991-08-01,1.85,6.9,136.6,116.2,5.66,395.4299927,340.8,21.688,944,3,93.48999786376953
1991-09-01,1.85,6.9,137.2,116.1,5.45,387.8599854,352.7,21.857,974,3,89.9000015258789
1991-10-01,1.861,7.0,137.4,116.4,5.21,392.4500122,343.1,23.228,991,3,89.93000030517578
1991-11-01,1.861,7.0,137.8,116.4,4.81,375.2200012,345.4,22.465,984,3,88.19000244140625
1991-12-01,1.861,7.3,137.9,115.9,4.43,417.0899963,344.4,19.517,1061,3,83.5199966430664
1992-01-01,1.874,7.3,138.1,115.6,4.03,408.7799988,335.0,18.82,1077,3,87.48999786376953
1992-02-01,1.874,7.4,138.6,116.0,4.06,412.7000122,334.8,18.995,1146,3,88.98999786376953
1992-03-01,1.874,7.4,139.3,116.1,3.98,403.6900024,329.0,18.916,1082,3,89.6500015258789
1992-04-01,1.905,7.4,139.5,116.3,3.73,414.9500122,329.3,20.243,1054,3,89.62000274658203
1992-05-01,1.905,7.6,139.7,117.2,3.82,415.3500061,330.1,20.94,1056,3,87.22000122070312
1992-06-01,1.905,7.8,140.2,118.0,3.76,408.1400146,342.2,22.375,1057,3,83.72000122070312
1992-07-01,1.931,7.7,140.5,117.9,3.25,424.2099915,367.2,21.759,1089,3,81.91000366210938
1992-08-01,1.931,7.6,140.9,117.7,3.3,414.0299988,371.9,21.35,1075,3,78.87999725341797
1992-09-01,1.931,7.6,141.3,118.0,3.22,417.7999878,392.2,21.902,1114,3,81.0999984741211
1992-10-01,1.951,7.3,141.8,118.1,3.1,418.6799927,378.8,21.688,1132,3,87.62999725341797
1992-11-01,1.951,7.4,142.0,117.8,3.09,431.3500061,355.3,20.342,1118,3,90.83999633789062
1992-12-01,1.951,7.4,141.9,117.6,2.92,435.7099915,364.2,19.407,1176,3,92.36000061035156
1993-01-01,1.971,7.3,142.6,118.0,3.02,438.7799988,373.8,19.075,1177,3,92.45999908447266
1993-02-01,1.971,7.1,143.1,118.4,3.03,443.3800049,383.3,20.053,1148,3,94.05000305175781
1993-03-01,1.971,7.0,143.6,118.7,3.07,451.6700134,386.9,20.347,1056,3,91.87000274658203
1993-04-01,1.985,7.1,144.0,119.3,2.96,440.1900024,381.9,20.27,1104,3,89.48999786376953
1993-05-01,1.985,7.1,144.2,119.7,3.0,450.1900024,384.1,19.94,1112,3,89.08000183105469
1993-06-01,1.985,7.0,144.4,119.5,3.04,450.5299988,377.3,19.07,1130,3,93.62999725341797
1993-07-01,1.997,6.9,144.4,119.2,3.06,448.1300049,381.4,17.866,1174,3,95.37000274658203
1993-08-01,1.997,6.8,144.8,118.7,3.03,463.5599976,385.6,18.009,1230,3,93.94999694824219
1993-09-01,1.997,6.7,145.1,118.7,3.09,458.9299927,385.5,17.514,1251,3,92.81999969482422
1993-10-01,2.023,6.8,145.7,119.1,2.99,467.8299866,380.4,18.145,1287,3,95.08000183105469
1993-11-01,2.023,6.6,145.8,119.0,3.02,461.7900085,391.6,16.699,1357,4,96.20999908447266
1993-12-01,2.023,6.5,145.8,118.6,2.96,466.4500122,389.8,14.51,1461,4,96.83999633789062
1994-01-01,2.047,6.6,146.2,119.1,3.05,481.6099854,384.4,15.0,1390,4,95.58999633789062
1994-02-01,2.047,6.6,146.7,119.3,3.25,467.1400146,379.3,14.78,1269,4,94.55000305175781
1994-03-01,2.047,6.5,147.2,119.7,3.34,445.769989,378.6,14.66,1342,4,93.05999755859375
1994-04-01,2.08,6.4,147.4,119.7,3.56,450.9100037,376.6,16.38,1392,4,92.12000274658203
1994-05-01,2.08,6.1,147.5,119.9,4.01,456.5,382.1,17.88,1396,4,92.5199966430664
1994-06-01,2.08,6.1,148.0,120.5,4.25,444.269989,391.0,19.07,1357,4,89.62000274658203
1994-07-01,2.103,6.1,148.4,120.7,4.26,458.2600098,385.2,19.65,1335,4,89.87000274658203
1994-08-01,2.103,6.0,149.0,121.2,4.47,475.4899902,387.6,18.38,1377,4,89.66999816894531
1994-09-01,2.103,5.9,149.4,121.0,4.73,462.7099915,386.2,17.46,1412,4,87.87999725341797
1994-10-01,2.139,5.8,149.5,120.9,4.76,472.3500061,383.7,17.71,1397,4,85.69000244140625
1994-11-01,2.139,5.6,149.7,121.5,5.29,453.6900024,383.1,18.1,1340,4,89.12999725341797
1994-12-01,2.139,5.5,149.7,121.9,5.45,459.269989,383.1,17.16,1396,4,88.7300033569336
1995-01-01,2.155,5.6,150.3,122.9,5.53,470.4200134,385.3,17.99,1282,4,87.98999786376953
1995-02-01,2.155,5.4,150.9,123.5,5.92,487.3900146,387.4,18.53,1254,4,85.93000030517578
1995-03-01,2.155,5.4,151.4,123.9,5.98,500.7099915,399.5,18.55,1226,4,81.9000015258789
1995-04-01,2.151,5.8,151.9,124.6,6.05,514.710022,404.8,19.87,1259,4,81.80000305175781
1995-05-01,2.151,5.6,152.2,124.9,6.01,533.4000244,396.2,19.74,1271,4,82.56999969482422
1995-06-01,2.151,5.6,152.5,125.3,6.0,544.75,392.9,18.42,1305,4,81.58000183105469
1995-07-01,2.142,5.7,152.5,125.3,5.85,562.0599976,391.9,17.3,1354,4,81.56999969482422
1995-08-01,2.142,5.7,152.9,125.1,5.74,561.8800049,385.3,18.03,1386,4,85.56999969482422
1995-09-01,2.142,5.6,153.2,125.2,5.8,584.4099731,383.5,18.23,1421,4,84.29000091552734
1995-10-01,2.147,5.5,153.7,125.3,5.76,581.5,387.3,17.44,1400,4,83.66000366210938
1995-11-01,2.147,5.6,153.6,125.4,5.8,605.3699951,383.2,17.99,1430,4,85.26000213623047
1995-12-01,2.147,5.6,153.5,125.7,5.6,615.9299927,381.1,19.04,1442,4,84.76000213623047
1996-01-01,2.147,5.6,154.4,126.3,5.56,636.0200195,377.9,18.88,1387,4,87.37999725341797
1996-02-01,2.147,5.5,154.9,126.2,5.22,640.4299927,369.0,19.07,1420,4,86.29000091552734
1996-03-01,2.147,5.5,155.7,126.4,5.31,645.5,355.1,21.36,1437,4,86.5199966430664
1996-04-01,2.165,5.6,156.3,127.4,5.22,654.1699829,346.6,23.57,1463,4,88.0199966430664
1996-05-01,2.165,5.6,156.6,128.1,5.24,669.1199951,351.8,21.25,1457,4,87.77999877929688
1996-06-01,2.165,5.3,156.7,128.0,5.27,670.6300049,344.5,20.45,1429,4,87.81999969482422
1996-07-01,2.171,5.5,157.0,128.0,5.4,639.9500122,343.8,21.32,1450,4,85.9000015258789
1996-08-01,2.171,5.1,157.3,128.3,5.22,651.9899902,340.8,21.96,1413,4,86.36000061035156
1996-09-01,2.171,5.2,157.8,128.2,5.3,687.3300171,324.1,23.99,1392,4,87.94000244140625
1996-10-01,2.176,5.2,158.3,128.0,5.24,705.2700195,324.0,24.9,1358,4,87.43000030517578
1996-11-01,2.176,5.4,158.6,128.2,5.31,757.0200195,322.8,23.71,1412,4,87.91999816894531
1996-12-01,2.176,5.4,158.6,129.1,5.29,740.7399902,324.9,25.39,1411,4,88.18000030517578
1997-01-01,2.174,5.3,159.1,129.7,5.25,786.1599731,306.0,25.17,1382,4,93.04000091552734
1997-02-01,2.174,5.2,159.6,128.5,5.19,790.8200073,288.7,22.21,1445,4,94.88999938964844
1997-03-01,2.174,5.2,160.0,127.3,5.39,757.1199951,289.1,20.99,1436,4,94.72000122070312
1997-04-01,2.19,5.1,160.2,127.0,5.51,801.3400269,297.5,19.72,1421,4,97.18000030517578
1997-05-01,2.19,4.9,160.1,127.4,5.5,848.2800293,295.9,20.83,1414,4,94.8499984741211
1997-06-01,2.19,5.0,160.3,127.2,5.56,885.1400146,308.3,19.17,1402,4,95.66999816894531
1997-07-01,2.192,4.9,160.5,126.9,5.52,954.3099976,299.1,19.63,1440,4,99.63999938964844
1997-08-01,2.192,4.8,160.8,127.2,5.54,899.4699707,292.3,19.93,1449,4,99.0
1997-09-01,2.192,4.9,161.2,127.5,5.54,947.2800293,292.9,19.79,1494,4,97.11000061035156
1997-10-01,2.184,4.7,161.6,127.8,5.5,914.6199951,284.1,21.26,1499,4,95.63999938964844
1997-11-01,2.184,4.6,161.5,127.9,5.52,955.4000244,289.0,20.17,1469,4,97.79000091552734
1997-12-01,2.184,4.7,161.3,126.8,5.5,970.4299927,295.9,18.32,1456,4,99.6500015258789
1998-01-01,2.17,4.6,161.6,125.4,5.56,980.2800293,294.1,16.71,1555,4,100.79000091552734
1998-02-01,2.17,4.6,161.9,125.0,5.51,1049.339966,291.7,16.06,1647,4,99.81999969482422
1998-03-01,2.17,4.7,162.2,124.7,5.49,1101.75,287.1,15.02,1605,4,101.5
1998-04-01,2.155,4.3,162.5,124.9,5.45,1111.75,287.3,15.44,1547,4,99.70999908447266
1998-05-01,2.155,4.4,162.8,125.1,5.49,1090.819946,286.0,14.86,1554,4,100.44999694824219
1998-06-01,2.155,4.5,163.0,124.8,5.56,1133.839966,282.6,13.66,1551,4,101.16999816894531
1998-07-01,2.155,4.5,163.2,124.9,5.54,1120.670044,276.4,14.08,1610,4,101.19999694824219
1998-08-01,2.155,4.5,163.4,124.2,5.55,957.2800293,261.3,13.36,1654,4,100.19999694824219
1998-09-01,2.155,4.6,163.6,123.8,5.51,1017.01001,256.1,14.95,1577,4,96.16999816894531
1998-10-01,2.14,4.5,164.0,124.0,5.07,1098.670044,256.7,14.39,1719,4,93.7300033569336
1998-11-01,2.14,4.4,164.0,123.6,4.83,1163.630005,264.7,12.85,1672,4,96.19999694824219
1998-12-01,2.14,4.4,163.9,122.8,4.68,1229.22998,310.7,11.28,1742,4,94.16999816894531
1999-01-01,2.129,4.3,164.3,122.9,4.63,1279.640015,293.2,12.47,1732,4,96.08000183105469
1999-02-01,2.129,4.4,164.5,122.3,4.76,1238.329956,287.1,12.01,1720,4,98.68000030517578
1999-03-01,2.129,4.2,165.0,122.6,4.81,1286.369995,287.3,14.66,1665,4,100.0999984741211
1999-04-01,2.124,4.3,166.2,123.6,4.74,1335.180054,286.0,17.34,1600,4,101.0
1999-05-01,2.124,4.2,166.2,124.7,4.74,1301.839966,282.6,17.75,1640,4,102.51000213623047
1999-06-01,2.124,4.3,166.2,125.2,4.76,1372.709961,276.4,17.89,1702,4,102.8499984741211
1999-07-01,2.128,4.3,166.7,125.7,4.99,1328.719971,261.3,20.07,1682,4,99.75
1999-08-01,2.128,4.2,167.1,126.9,5.07,1320.410034,256.1,21.26,1671,4,99.94999694824219
1999-09-01,2.128,4.2,167.9,128.0,5.22,1282.709961,256.7,23.88,1551,4,98.54000091552734
1999-10-01,2.145,4.1,168.2,127.7,5.2,1362.930054,264.7,22.64,1649,4,99.05999755859375
1999-11-01,2.145,4.1,168.3,128.3,5.42,1388.910034,310.7,24.97,1672,4,101.98999786376953
1999-12-01,2.145,4.0,168.3,127.8,5.3,1469.25,293.2,26.08,1683,4,101.87000274658203
2000-01-01,2.134,4.0,168.8,128.3,5.45,1394.459961,283.1,27.18,1727,4,105.12999725341797
2000-02-01,2.134,4.1,169.8,129.8,5.73,1366.420044,284.3,29.35,1692,4,105.91999816894531
2000-03-01,2.134,4.0,171.2,130.8,5.85,1498.579956,299.9,29.89,1651,4,105.44000244140625
2000-04-01,2.15,3.8,171.3,130.7,6.02,1452.430054,286.4,25.74,1597,4,110.13999938964844
2000-05-01,2.15,4.0,171.5,131.6,6.27,1420.599976,279.7,28.78,1543,4,108.73999786376953
2000-06-01,2.15,4.0,172.4,133.8,6.53,1454.599976,275.2,31.83,1572,4,106.83999633789062
2000-07-01,2.14,4.0,172.8,133.7,6.54,1430.829956,285.7,29.77,1542,4,109.56999969482422
2000-08-01,2.14,4.1,172.8,132.9,6.5,1517.680054,281.6,31.22,1552,4,112.5999984741211
2000-09-01,2.14,3.9,173.7,134.7,6.52,1436.51001,274.5,33.88,1570,4,113.25
2000-10-01,2.132,3.9,174.0,135.4,6.51,1429.400024,273.7,33.08,1577,4,116.6500015258789
2000-11-01,2.132,3.9,174.1,135.0,6.51,1314.949951,270.0,34.4,1614,4,115.23999786376953
2000-12-01,2.132,3.9,174.0,136.2,6.4,1320.280029,266.0,28.46,1543,4,109.55999755859375
2001-01-01,2.084,4.2,175.1,140.0,5.98,1366.01001,271.5,29.58,1699,4,110.5199966430664
2001-02-01,2.084,4.2,175.8,137.4,5.49,1239.939941,265.5,29.61,1656,4,112.01000213623047
2001-03-01,2.084,4.3,176.2,135.9,5.31,1160.329956,261.9,27.24,1659,4,117.37000274658203
2001-04-01,2.057,4.4,176.9,136.4,4.8,1249.459961,263.0,27.41,1666,4,115.8499984741211
2001-05-01,2.057,4.3,177.7,136.8,4.21,1255.819946,260.5,28.64,1665,4,119.06999969482422
2001-06-01,2.057,4.5,178.0,135.5,3.97,1224.380005,272.4,27.6,1626,4,119.43000030517578
2001-07-01,2.011,4.6,177.5,133.4,3.77,1211.22998,270.2,26.45,1598,4,117.18000030517578
2001-08-01,2.011,4.9,177.5,133.4,3.65,1133.579956,267.5,27.47,1615,4,113.41999816894531
2001-09-01,2.011,5.0,178.3,133.3,3.07,1040.939941,272.4,25.88,1565,4,113.4800033569336
2001-10-01,1.978,5.3,177.7,130.3,2.49,1059.780029,283.4,22.21,1566,4,114.86000061035156
2001-11-01,1.978,5.5,177.4,129.8,2.09,1139.449951,283.1,19.67,1651,2,116.12999725341797
2001-12-01,1.978,5.7,176.7,128.1,1.82,1148.079956,276.2,19.33,1680,2,116.75
2002-01-01,1.966,5.7,177.1,128.5,1.73,1130.199951,275.9,19.67,1665,2,120.23999786376953
2002-02-01,1.966,5.7,177.8,128.4,1.74,1106.72998,281.5,20.74,1787,2,119.16000366210938
2002-03-01,1.966,5.7,178.8,129.8,1.73,1147.390015,295.5,24.42,1691,2,118.62000274658203
2002-04-01,1.969,5.9,179.8,130.8,1.75,1076.920044,294.1,26.27,1669,2,115.19000244140625
2002-05-01,1.969,5.8,179.8,130.8,1.75,1067.140015,302.7,27.02,1716,2,111.80999755859375
2002-06-01,1.969,5.8,179.9,130.9,1.75,989.8200073,314.5,25.52,1758,2,106.11000061035156
2002-07-01,1.95,5.8,180.1,131.2,1.73,911.6199951,321.2,26.94,1738,2,107.41000366210938
2002-08-01,1.95,5.7,180.7,131.5,1.74,916.0700073,313.3,28.38,1695,2,106.9800033569336
2002-09-01,1.95,5.7,181.0,132.3,1.75,815.2800293,310.3,29.67,1803,2,106.87000274658203
2002-10-01,1.924,5.7,181.3,133.2,1.75,885.7600098,319.1,28.85,1799,2,106.63999938964844
2002-11-01,1.924,5.9,181.3,133.1,1.34,936.3099976,316.6,26.27,1771,2,106.41000366210938
2002-12-01,1.924,6.0,180.9,132.9,1.24,879.8200073,319.1,29.42,1896,2,101.8499984741211
2003-01-01,1.912,5.8,181.7,135.3,1.24,855.7000122,331.9,32.94,1808,2,99.91000366210938
2003-02-01,1.912,5.9,183.1,137.6,1.26,841.1500244,356.9,35.87,1854,2,99.70999908447266
2003-03-01,1.912,5.9,184.2,141.2,1.25,848.1799927,359.0,33.55,1757,2,99.05999755859375
2003-04-01,1.899,6.0,183.8,136.8,1.26,916.9199829,340.6,28.25,1803,2,97.19000244140625
2003-05-01,1.899,6.1,183.5,136.7,1.26,963.5900269,328.2,28.14,1835,2,93.2699966430664
2003-06-01,1.899,6.3,183.7,138.0,1.22,974.5,355.7,30.72,1875,2,94.7300033569336
2003-07-01,1.903,6.2,183.9,137.7,1.01,990.3099976,356.4,30.76,1885,2,96.88999938964844
2003-08-01,1.903,6.1,184.6,138.0,1.03,1008.01001,351.0,31.59,1966,2,98.0999984741211
2003-09-01,1.903,6.1,185.2,138.5,1.01,995.9699707,359.8,28.29,1961,2,92.8499984741211
2003-10-01,1.938,6.0,185.0,139.3,1.01,1050.709961,379.0,30.33,2012,2,92.7300033569336
2003-11-01,1.938,5.8,184.5,138.9,1.0,1058.199951,378.9,31.09,1918,2,90.20999908447266
2003-12-01,1.938,5.7,184.3,139.5,0.98,1111.920044,389.9,32.15,1987,2,86.91999816894531
2004-01-01,1.948,5.7,185.2,141.4,1.0,1131.130005,407.0,34.27,1952,2,87.19999694824219
2004-02-01,1.948,5.6,186.2,142.1,1.01,1144.939941,413.8,34.74,1966,2,87.30999755859375
2004-03-01,1.948,5.8,187.4,143.1,1.0,1126.209961,404.9,36.76,2066,2,87.61000061035156
2004-04-01,1.938,5.6,188.0,144.8,1.0,1107.300049,406.7,36.69,2070,2,90.4800033569336
2004-05-01,1.938,5.6,189.1,146.8,1.0,1120.680054,403.3,40.28,2150,2,88.94999694824219
2004-06-01,1.938,5.6,189.7,147.2,1.03,1140.839966,383.8,38.02,2020,2,88.80000305175781
2004-07-01,1.947,5.5,189.4,147.4,1.26,1101.719971,392.4,40.69,2112,2,89.95999908447266
2004-08-01,1.947,5.4,189.5,148.0,1.43,1104.23999,398.1,44.94,2056,2,88.94000244140625
2004-09-01,1.947,5.4,189.9,147.7,1.61,1114.579956,400.5,45.95,2041,2,87.36000061035156
2004-10-01,1.956,5.5,190.9,150.0,1.76,1130.199951,405.3,53.13,2097,2,84.91000366210938
2004-11-01,1.956,5.4,191.0,151.4,1.93,1173.819946,420.5,48.46,2079,2,81.81999969482422
2004-12-01,1.956,5.4,190.3,150.2,2.16,1211.920044,439.4,43.33,2082,2,80.8499984741211
2005-01-01,1.983,5.3,190.7,150.9,2.28,1181.27002,442.1,46.84,2139,2,83.5999984741211
2005-02-01,1.983,5.4,191.8,151.6,2.5,1203.599976,424.0,47.97,2114,2,82.51000213623047
2005-03-01,1.983,5.2,193.3,153.7,2.63,1180.589966,423.4,54.31,2062,2,84.05999755859375
2005-04-01,1.993,5.2,194.6,155.0,2.79,1156.849976,434.3,53.04,2150,2,84.43000030517578
2005-05-01,1.993,5.1,194.4,154.3,3.0,1191.5,429.2,49.83,2085,2,87.76000213623047
2005-06-01,1.993,5.0,194.5,154.3,3.04,1191.329956,421.9,56.26,2178,2,89.11000061035156
2005-07-01,1.998,5.0,195.4,156.3,3.26,1234.180054,430.7,58.7,2203,2,89.3499984741211
2005-08-01,1.998,4.9,196.4,157.6,3.5,1220.329956,424.5,64.97,2219,2,87.58000183105469
2005-09-01,1.998,5.0,198.8,162.2,3.62,1228.810059,437.9,65.57,2263,2,89.5199966430664
2005-10-01,1.999,5.0,199.2,166.2,3.78,1207.01001,456.1,62.37,2170,2,90.06999969482422
2005-11-01,1.999,5.0,197.6,163.7,4.0,1249.47998,469.9,58.3,2218,2,91.56999969482422
2005-12-01,1.999,4.9,196.8,163.0,4.16,1248.290039,476.7,59.43,2120,2,91.16999816894531
2006-01-01,2.014,4.7,198.3,164.3,4.29,1280.079956,510.1,65.51,2212,2,88.95999908447266
2006-02-01,2.014,4.8,198.7,161.8,4.49,1280.660034,549.9,61.63,2141,2,90.11000061035156
2006-03-01,2.014,4.7,199.8,162.2,4.59,1294.869995,555.0,62.9,2118,2,89.7300033569336
2006-04-01,2.015,4.7,201.5,164.3,4.79,1310.609985,557.1,69.69,1998,2,86.11000061035156
2006-05-01,2.015,4.6,202.5,165.8,4.94,1270.089966,610.7,70.94,1905,2,84.72000122070312
2006-06-01,2.015,4.6,202.9,166.1,4.99,1270.199951,675.4,70.96,1867,2,85.22000122070312
2006-07-01,2.003,4.7,203.5,166.8,5.24,1276.660034,596.2,74.41,1763,2,85.30000305175781
2006-08-01,2.003,4.7,203.9,167.9,5.25,1303.819946,633.7,73.05,1722,2,85.05000305175781
2006-09-01,2.003,4.5,202.9,165.4,5.25,1335.849976,632.6,63.87,1655,2,85.97000122070312
2006-10-01,1.994,4.4,201.8,162.2,5.25,1377.939941,598.2,58.88,1570,2,85.31999969482422
2006-11-01,1.994,4.5,201.5,164.6,5.25,1400.630005,585.8,59.37,1535,2,82.91999816894531
2006-12-01,1.994,4.4,201.8,165.6,5.24,1418.300049,627.8,62.03,1638,2,83.72000122070312
2007-01-01,1.991,4.6,202.416,164.0,5.25,1438.23999,629.8,54.57,1626,2,84.61000061035156
2007-02-01,1.991,4.5,203.499,166.8,5.26,1406.819946,631.2,59.26,1598,2,83.56999969482422
2007-03-01,1.991,4.4,205.352,169.3,5.26,1420.859985,664.8,60.56,1596,2,82.93000030517578
2007-04-01,1.983,4.5,206.686,171.4,5.25,1482.369995,654.9,63.97,1470,2,81.44999694824219
2007-05-01,1.983,4.4,207.949,173.3,5.25,1530.619995,679.4,63.46,1493,2,82.30000305175781
2007-06-01,1.983,4.6,208.352,173.8,5.25,1503.349976,666.9,67.48,1407,2,81.91999816894531
2007-07-01,1.975,4.7,208.299,175.1,5.26,1455.27002,655.5,74.18,1361,2,80.7699966430664
2007-08-01,1.975,4.6,207.917,172.4,5.02,1473.98999,665.3,72.39,1321,2,80.79000091552734
2007-09-01,1.975,4.7,208.49,173.5,4.94,1526.75,665.4,79.93,1261,2,77.72000122070312
2007-10-01,1.974,4.7,208.936,174.7,4.76,1549.380005,712.7,86.2,1192,2,76.4800033569336
2007-11-01,1.974,4.7,210.177,179.0,4.49,1481.140015,754.6,94.62,1224,2,76.1500015258789
2007-12-01,1.974,5.0,210.036,178.6,4.24,1468.359985,806.3,91.73,1149,2,76.69999694824219
2008-01-01,1.936,5.0,211.08,181.0,3.94,1378.550049,803.2,92.95,1094,2,75.18000030517578
2008-02-01,1.936,4.9,211.693,182.7,2.98,1330.630005,889.6,95.35,1014,6,73.70999908447266
2008-03-01,1.936,5.1,213.528,187.9,2.61,1322.699951,922.3,105.56,967,6,71.80000305175781
2008-04-01,1.924,5.0,214.823,190.9,2.28,1385.589966,968.4,112.57,1008,6,72.51000213623047
2008-05-01,1.924,5.4,216.632,196.6,1.98,1400.380005,909.7,125.39,995,6,72.87999725341797
2008-06-01,1.924,5.6,218.815,200.5,2.0,1280.0,888.7,133.93,1180,6,72.45999908447266
2008-07-01,1.904,5.8,219.964,205.5,2.01,1267.380005,889.5,133.44,921,6,73.2300033569336
2008-08-01,1.904,6.1,219.086,199.0,2.0,1282.829956,939.8,116.61,858,6,77.37999725341797
2008-09-01,1.904,6.1,218.783,196.9,1.81,1166.359985,839.0,103.9,797,6,79.44999694824219
2008-10-01,1.81,6.5,216.573,186.4,0.97,968.75,829.9,76.65,736,6,85.62999725341797
2008-11-01,1.81,6.8,212.425,176.8,0.39,896.2399902,806.6,57.44,626,6,86.5199966430664
2008-12-01,1.81,7.3,210.228,170.9,0.16,903.25,760.9,41.02,554,6,81.30999755859375
2009-01-01,1.732,7.8,211.143,171.2,0.15,825.8800049,816.1,41.74,545,6,86.0
2009-02-01,1.732,8.3,212.193,169.3,0.22,735.0900269,858.7,39.16,558,6,88.01000213623047
2009-03-01,1.732,8.7,212.709,168.1,0.18,797.8699951,943.2,47.98,513,6,85.43000030517578
2009-04-01,1.705,9.0,213.24,169.1,0.15,872.8099976,924.3,49.79,521,6,84.61000061035156
2009-05-01,1.705,9.4,213.856,170.8,0.18,919.1400146,890.2,59.16,556,6,80.43000030517578
2009-06-01,1.705,9.5,215.693,174.1,0.21,919.3200073,928.6,69.68,601,6,80.12999725341797
2009-07-01,1.707,9.5,215.351,172.5,0.16,987.4799805,945.7,64.09,595,6,78.3499984741211
2009-08-01,1.707,9.6,215.834,175.0,0.16,1020.619995,934.2,71.06,616,6,78.16999816894531
2009-09-01,1.707,9.8,215.969,174.1,0.15,1057.079956,949.4,69.46,609,6,76.6500015258789
2009-10-01,1.722,10.0,216.177,175.2,0.12,1036.189941,996.6,75.82,583,6,76.30000305175781
2009-11-01,1.722,9.9,216.33,177.4,0.12,1095.630005,1043.2,78.08,623,6,74.87999725341797
2009-12-01,1.722,9.9,215.949,178.1,0.12,1115.099976,1127.0,74.3,664,6,77.86000061035156
2010-01-01,1.735,9.8,216.687,181.9,0.11,1073.869995,1134.7,78.22,636,6,79.45999908447266
2010-02-01,1.735,9.8,216.741,181.0,0.13,1104.48999,1118.0,76.42,650,6,80.36000061035156
2010-03-01,1.735,9.9,217.631,183.3,0.16,1169.430054,1095.4,81.24,687,6,81.06999969482422
2010-04-01,1.742,9.9,218.009,184.4,0.2,1186.689941,1113.3,84.48,637,6,81.87000274658203
2010-05-01,1.742,9.6,218.178,184.8,0.2,1089.410034,1148.7,73.84,575,6,86.58999633789062
2010-06-01,1.742,9.4,217.965,183.5,0.18,1030.709961,1205.4,75.35,587,6,86.0199966430664
2010-07-01,1.744,9.4,218.011,184.1,0.18,1101.599976,1232.9,76.37,579,6,81.54000091552734
2010-08-01,1.744,9.5,218.312,184.9,0.19,1049.329956,1193.0,76.82,580,6,83.19999694824219
2010-09-01,1.744,9.5,218.439,184.9,0.19,1141.199951,1215.8,75.31,563,6,78.72000122070312
2010-10-01,1.741,9.4,218.711,186.6,0.19,1183.26001,1271.0,81.9,558,6,77.2699966430664
2010-11-01,1.741,9.8,218.803,187.7,0.19,1180.550049,1342.0,84.14,560,6,81.19999694824219
2010-12-01,1.741,9.3,219.179,189.7,0.18,1257.640015,1369.9,89.04,632,6,79.02999877929688
2011-01-01,1.724,9.1,220.223,192.7,0.17,1286.119995,1390.6,89.42,576,6,77.73999786376953
2011-02-01,1.724,9.0,221.309,195.8,0.16,1327.219971,1356.4,89.58,542,6,76.88999938964844
2011-03-01,1.724,9.0,223.467,199.2,0.14,1325.829956,1372.7,102.94,583,6,75.86000061035156
2011-04-01,1.709,9.1,224.906,203.1,0.1,1363.609985,1424.0,110.04,581,6,72.93000030517578
2011-05-01,1.709,9.0,225.964,204.1,0.09,1345.199951,1473.8,101.33,618,6,74.63999938964844
2011-06-01,1.709,9.1,225.722,203.9,0.09,1320.640015,1510.4,96.29,636,6,74.30000305175781
2011-07-01,1.652,9.0,225.922,204.6,0.07,1292.280029,1528.7,97.19,621,6,73.9000015258789
2011-08-01,1.652,9.0,226.545,203.2,0.1,1218.890015,1572.8,86.33,647,6,74.12999725341797
2011-09-01,1.652,9.0,226.889,203.7,0.08,1131.420044,1755.8,85.61,610,6,78.55000305175781
2011-10-01,1.645,8.8,226.421,201.1,0.07,1253.300049,1771.9,86.41,671,6,76.16999816894531
2011-11-01,1.645,8.6,226.23,201.4,0.08,1246.959961,1665.2,97.21,706,6,78.38999938964844
2011-12-01,1.645,8.5,225.672,199.8,0.07,1257.599976,1739.0,98.57,697,6,80.16999816894531
2012-01-01,1.64,8.3,226.665,200.7,0.08,1312.410034,1652.3,100.24,712,6,79.27999877929688
2012-02-01,1.64,8.3,227.663,201.6,0.1,1365.680054,1656.1,102.25,738,6,78.7300033569336
2012-03-01,1.64,8.2,229.392,204.2,0.13,1408.469971,1742.6,106.19,806,6,78.93000030517578
2012-04-01,1.629,8.2,230.085,203.7,0.14,1397.910034,1673.8,103.33,732,6,78.79000091552734
2012-05-01,1.629,8.2,229.815,201.9,0.16,1310.329956,1650.1,94.7,796,6,83.04000091552734
2012-06-01,1.629,8.2,229.478,199.8,0.16,1362.160034,1585.5,82.41,794,6,81.6500015258789
2012-07-01,1.609,8.2,229.104,200.1,0.16,1379.319946,1596.7,87.93,849,6,82.63999938964844
2012-08-01,1.609,8.1,230.379,202.7,0.13,1406.579956,1593.9,94.16,840,6,81.25
2012-09-01,1.609,7.8,231.407,204.4,0.14,1440.670044,1626.0,94.72,930,6,79.94000244140625
2012-10-01,1.584,7.8,231.317,203.5,0.16,1412.160034,1744.5,89.57,887,6,79.91999816894531
2012-11-01,1.584,7.7,230.221,201.8,0.16,1416.180054,1747.0,86.66,917,6,80.1500015258789
2012-12-01,1.584,7.9,229.601,201.5,0.16,1426.189941,1721.1,88.25,941,6,79.7699966430664
2013-01-01,1.581,8.0,230.28,202.5,0.14,1498.109985,1688.5,94.69,940,6,79.20999908447266
2013-02-01,1.581,7.7,232.166,204.3,0.15,1514.680054,1671.0,95.32,980,6,81.9800033569336
2013-03-01,1.581,7.5,232.773,204.0,0.14,1569.189941,1627.6,93.05,936,6,82.98999786376953
2013-04-01,1.572,7.6,232.531,203.5,0.15,1597.569946,1592.9,92.07,1012,6,81.7300033569336
2013-05-01,1.572,7.5,232.945,204.1,0.11,1630.73999,1485.1,94.8,1003,6,83.37999725341797
2013-06-01,1.572,7.5,233.504,204.3,0.09,1606.280029,1413.5,95.8,942,6,83.16999816894531
2013-07-01,1.571,7.3,233.596,204.4,0.09,1685.72998,1342.4,104.61,997,6,81.44999694824219
2013-08-01,1.571,7.2,233.877,204.2,0.08,1632.969971,1286.7,106.57,964,6,82.08999633789062
2013-09-01,1.571,7.2,234.149,203.9,0.08,1681.550049,1347.1,106.29,1004,6,80.22000122070312
2013-10-01,1.563,7.2,233.546,202.5,0.09,1756.540039,1348.8,100.54,1044,6,80.19999694824219
2013-11-01,1.563,6.9,233.069,201.2,0.08,1805.810059,1316.2,93.86,1029,6,80.68000030517578
2013-12-01,1.563,6.7,233.049,202.0,0.09,1848.359985,1275.8,97.63,1005,6,80.04000091552734
2014-01-01,1.539,6.6,233.916,203.8,0.07,1782.589966,1225.4,94.62,976,6,81.2699966430664
2014-02-01,1.539,6.7,234.781,205.7,0.07,1859.449951,1244.8,100.82,1039,6,79.77999877929688
2014-03-01,1.539,6.7,236.293,207.0,0.08,1872.339966,1301.0,100.8,1067,6,80.0999984741211
2014-04-01,1.547,6.2,237.072,208.3,0.09,1883.949951,1336.1,102.07,1090,6,79.48999786376953
2014-05-01,1.547,6.3,237.9,208.0,0.09,1923.569946,1299.0,102.18,1018,6,80.37000274658203
2014-06-01,1.547,6.1,238.343,208.3,0.1,1960.22998,1287.5,105.79,1010,6,79.77999877929688
2014-07-01,1.552,6.2,238.25,208.0,0.09,1930.670044,1279.1,103.59,1076,6,81.45999908447266
2014-08-01,1.552,6.1,237.852,207.0,0.09,2003.369995,1311.0,96.54,1047,6,82.75
2014-09-01,1.552,5.9,238.031,206.4,0.09,1972.290039,1296.0,93.21,1077,6,85.94000244140625
2014-10-01,1.54,5.7,237.433,203.4,0.09,2018.050049,1238.8,84.4,1094,5,86.87999725341797
2014-11-01,1.54,5.8,236.151,200.9,0.09,2067.560059,1222.5,75.79,1059,5,88.36000061035156
2014-12-01,1.54,5.6,234.812,197.0,0.12,2058.899902,1176.3,59.29,1072,5,90.2699966430664
2015-01-01,1.524,5.7,233.707,192.0,0.11,1994.98999,1202.3,47.22,1049,5,94.80000305175781
2015-02-01,1.524,5.5,234.722,191.1,0.11,2104.5,1251.9,50.58,1127,5,95.25
2015-03-01,1.524,5.4,236.119,191.5,0.11,2067.889893,1227.2,47.82,1072,5,98.36000061035156
2015-04-01,1.527,5.4,236.599,190.9,0.12,2085.51001,1178.6,54.45,1166,5,94.5999984741211
2015-05-01,1.527,5.6,237.805,193.4,0.12,2107.389893,1197.9,59.27,1272,5,96.91000366210938
2015-06-01,1.527,5.3,238.638,194.8,0.13,2063.110107,1199.1,59.82,1379,5,95.48999786376953
2015-07-01,1.519,5.2,238.654,193.9,0.13,2103.840088,1181.5,50.9,1140,5,97.37000274658203
2015-08-01,1.519,5.1,238.316,191.9,0.14,1972.180054,1130.0,42.87,1165,5,95.94999694824219
2015-09-01,1.519,5.0,237.945,189.1,0.14,1920.030029,1117.5,45.48,1144,5,96.3499984741211
2015-10-01,1.5,5.0,237.838,187.5,0.12,2079.360107,1124.5,46.22,1160,5,96.94999694824219
2015-11-01,1.5,5.1,237.336,185.7,0.12,2080.409912,1159.3,42.44,1244,5,100.16999816894531
2015-12-01,1.5,5.0,236.525,183.5,0.24,2043.939941,1085.7,37.19,1211,5,98.62999725341797
2016-01-01,1.475,4.8,236.916,182.6,0.34,1940.23999,1068.3,31.68,1171,5,99.61000061035156
2016-02-01,1.475,4.9,237.111,181.3,0.38,1932.22998,1097.4,30.32,1172,5,98.20999908447266
2016-03-01,1.475,5.0,238.132,182.1,0.36,2059.73999,1199.9,37.55,1118,5,94.58999633789062
2016-04-01,1.465,5.1,239.261,183.2,0.37,2065.300049,1246.3,40.75,1160,5,93.08000183105469
2016-05-01,1.465,4.8,240.229,185.3,0.37,2096.949951,1242.3,46.71,1205,5,95.88999938964844
2016-06-01,1.465,4.9,241.018,187.6,0.38,2098.860107,1259.4,48.76,1208,5,96.13999938964844
2016-07-01,1.456,4.8,240.628,187.7,0.39,2173.600098,1276.4,44.65,1198,5,95.52999877929688
2016-08-01,1.456,4.9,240.849,186.6,0.4,2170.949951,1337.3,44.72,1201,5,96.0199966430664
2016-09-01,1.456,5.0,241.428,186.9,0.4,2168.27002,1341.1,45.18,1303,5,95.45999908447266
2016-10-01,1.449,4.9,241.729,186.7,0.4,2126.149902,1326.0,49.78,1254,5,98.44999694824219
2016-11-01,1.449,4.7,241.353,186.3,0.41,2198.810059,1266.6,45.66,1230,5,101.5
2016-12-01,1.449,4.7,241.432,188.2,0.54,2238.830078,1236.0,51.97,1248,5,102.38999938964844
2017-01-01,1.444,4.7,242.839,190.7,0.65,2278.870117,1151.4,52.5,1303,5,99.51000213623047
2017-02-01,1.444,4.6,243.603,191.6,0.66,2363.639893,1192.6,53.47,1234,5,101.12000274658203
2017-03-01,1.444,4.4,243.801,191.5,0.79,2362.719971,1234.4,49.33,1272,5,100.3499984741211
2017-04-01,1.437,4.4,244.524,193.0,0.9,2384.199951,1231.1,51.06,1251,5,99.05000305175781
2017-05-01,1.437,4.4,244.733,192.8,0.91,2411.800049,1265.6,48.48,1208,5,96.91999816894531
2017-06-01,1.437,4.3,244.955,193.6,1.04,2423.409912,1245.0,45.18,1353,5,95.66000366210938
2017-07-01,1.439,4.3,244.786,193.5,1.15,2470.300049,1260.3,46.63,1256,5,92.86000061035156
2017-08-01,1.439,4.4,245.519,193.8,1.16,2471.649902,1236.2,48.04,1319,5,92.66999816894531
2017-09-01,1.439,4.3,246.819,194.8,1.15,2519.360107,1282.3,49.82,1273,5,93.08000183105469
2017-10-01,1.45,4.2,246.663,194.9,1.15,2575.26001,1315.0,51.58,1356,5,94.55000305175781
2017-11-01,1.45,4.2,246.669,195.9,1.16,2647.580078,1279.5,56.64,1299,5,93.01000213623047
2017-12-01,1.45,4.1,246.524,196.3,1.3,2673.610107,1282.3,57.88,1311,5,92.12000274658203
2018-01-01,1.461,4.0,247.867,197.9,1.41,2823.810059,1261.3,63.7,1317,5,89.12999725341797
2018-02-01,1.461,4.1,248.991,199.3,1.42,2713.830078,1331.7,62.23,1321,5,90.61000061035156
2018-03-01,1.461,4.0,249.554,199.3,1.51,2640.870117,1331.5,62.73,1385,5,89.97000122070312
2018-04-01,1.464,4.0,250.546,200.3,1.69,2648.050049,1324.7,66.25,1378,5,91.83999633789062
2018-05-01,1.464,3.8,251.588,203.2,1.7,2705.27002,1334.7,69.98,1338,5,93.98999786376953
2018-06-01,1.464,4.0,251.989,204.2,1.82,2718.370117,1303.0,67.87,1345,5,94.62999725341797
2018-07-01,1.465,3.8,252.006,204.3,1.91,2816.290039,1281.6,70.98,1334,5,94.48999786376953
2018-08-01,1.465,3.8,252.146,203.4,1.91,2901.52002,1238.5,68.06,1273,5,95.13999938964844
2018-09-01,1.465,3.7,252.439,203.6,1.95,2913.97998,1201.3,70.23,1314,5,95.19000244140625
2018-10-01,1.464,3.8,252.885,204.6,2.19,2711.73999,1198.5,70.75,1272,5,97.12999725341797
2018-11-01,1.464,3.8,252.038,202.3,2.2,2760.169922,1215.4,56.96,1340,5,97.2699966430664
2018-12-01,1.464,3.9,251.233,201.0,2.27,2506.850098,1221.0,49.52,1317,5,96.16999816894531
2019-01-01,1.459,4.0,251.712,199.1,2.4,2704.100098,1247.9,51.38,1261,5,95.58000183105469
2019-02-01,1.459,3.8,252.776,199.2,2.4,2784.48999,1291.8,54.95,1287,5,96.16000366210938
2019-03-01,1.459,3.8,254.202,200.8,2.41,2834.399902,1320.1,58.15,1305,5,97.27999877929688
2019-04-01,1.459,3.7,255.548,202.1,2.42,2945.830078,1300.9,63.86,1311,5,97.4800033569336
2019-05-01,1.459,3.6,256.092,201.7,2.39,2752.060059,1286.5,60.83,1347,5,97.75
2019-06-01,1.459,3.6,256.143,200.3,2.38,2941.76001,1284.0,54.66,1315,5,96.12999725341797
2019-07-01,1.453,3.7,256.571,200.7,2.4,2980.379883,1359.0,57.35,1352,5,98.5199966430664
2019-08-01,1.453,3.6,256.558,199.2,2.13,2926.459961,1413.0,54.81,1489,5,98.91999816894531
2019-09-01,1.453,3.5,256.759,198.4,2.04,2976.73999,1498.8,56.95,1474,5,99.37999725341797
2019-10-01,1.437,3.6,257.346,198.6,1.83,3037.560059,1511.3,53.96,1525,5,97.3499984741211
2019-11-01,1.437,3.6,257.208,199.0,1.55,3140.97998,1494.8,57.03,1527,5,98.2699966430664
2019-12-01,1.437,3.6,256.974,199.0,1.55,3230.780029,1470.0,59.88,1451,5,96.38999938964844
2020-01-01,1.392,3.6,257.971,199.3,1.55,3225.52002,1476.0,57.52,1507,5,97.38999938964844
2020-02-01,1.392,3.5,258.678,196.7,1.58,2954.219971,1560.7,50.54,1442,5,98.12999725341797
2020-03-01,1.392,4.4,258.115,193.1,0.65,2584.590088,1597.1,29.21,1358,5,99.05000305175781
2020-04-01,1.128,14.8,256.389,185.5,0.05,2912.429932,1591.9,16.55,1066,6,99.0199966430664
2020-05-01,1.128,13.2,256.394,188.6,0.05,3044.310059,1682.9,28.56,1260,6,98.33999633789062
2020-06-01,1.128,11.0,257.797,191.2,0.08,3100.290039,1716.4,38.31,1338,6,97.38999938964844
2020-07-01,1.176,10.2,259.101,193.0,0.09,3271.120117,1732.2,40.71,1546,5,93.48999786376953
2020-08-01,1.176,8.4,259.918,194.3,0.1,3500.310059,1843.3,42.34,1529,5,92.13999938964844
2020-09-01,1.176,7.8,260.28,195.5,0.09,3363.0,1968.6,39.63,1624,5,93.88999938964844
2020-10-01,1.165,6.8,260.388,196.5,0.09,3269.959961,1922.2,39.4,1613,5,94.04000091552734
2020-11-01,1.165,6.7,260.229,198.3,0.09,3621.629883,1900.3,40.94,1714,5,91.87000274658203
2020-12-01,1.165,6.7,260.474,200.5,0.09,3756.070068,1863.5,47.02,1744,5,89.94000244140625
2021-01-01,1.158,6.4,261.582,204.8,0.09,3714.23999,1856.0,52.0,1883,5,90.58000183105469
2021-02-01,1.158,6.2,263.014,210.6,0.08,3811.149902,1867.0,59.04,1715,5,90.93000030517578
2021-03-01,1.158,6.1,264.877,215.0,0.07,3972.889893,1808.2,62.33,1732,1,93.2300033569336
2021-04-01,1.148,6.1,267.054,217.9,0.07,4181.169922,1718.2,61.72,1738,1,91.27999877929688
2021-05-01,1.148,5.8,269.195,224.9,0.06,4204.109863,1761.7,65.17,1681,1,89.83999633789062
2021-06-01,1.148,5.9,271.696,228.9,0.08,4297.5,1853.2,71.38,1657,1,92.44000244140625
2021-07-01,1.149,5.4,273.003,231.85,0.1,4395.259766,1834.6,72.49,1652,1,92.16999816894531
2021-08-01,1.149,5.1,273.567,233.415,0.09,4522.680176,1807.1,67.73,1770,1,92.62999725341797
2021-09-01,1.149,4.7,274.31,235.678,0.08,4307.540039,1784.0,71.65,1625,1,94.25
2021-10-01,1.162,4.5,276.589,240.465,0.08,4605.379883,1777.3,81.48,1719,1,94.12000274658203
2021-11-01,1.162,4.1,277.948,243.287,0.08,4567.0,1776.9,79.15,1766,1,95.98999786376953
2021-12-01,1.162,3.9,278.802,241.338,0.08,4766.180176,1820.2,71.71,1913,1,95.66999816894531
2022-01-01,1.165,4.0,281.148,246.453,0.08,4515.549805,1786.7,83.22,1915,1,96.54000091552734
2022-02-01,1.165,3.8,283.716,252.66,0.08,4373.939941,1816.8,91.64,1860,1,96.70999908447266
2022-03-01,1.165,3.6,287.504,260.014,0.2,4530.410156,1856.3,108.5,1879,1,98.30999755859375
2022-04-01,1.19,3.7,289.109,265.31,0.33,4131.930176,1947.8,101.78,1835,1,102.95999908447266
2022-05-01,1.19,3.6,292.296,273.251,0.77,4132.149902,1933.9,109.55,1712,1,101.75
2022-06-01,1.19,3.6,296.311,280.251,1.21,3785.379883,1848.3,114.84,1745,1,104.69000244140625
2022-07-01,1.217,3.5,296.276,272.274,1.68,4130.290039,1833.8,101.62,1719,1,105.9000015258789
2022-08-01,1.217,3.6,296.171,269.546,2.33,3955.0,1736.4,93.67,1542,1,108.69999694824219
2022-09-01,1.217,3.5,296.808,267.898,2.56,3585.620117,1765.7,84.26,1613,1,112.12000274658203
2022-10-01,1.252,3.6,298.012,265.061,3.08,3871.97998,1683.0,87.55,1560,1,111.52999877929688
2022-11-01,1.252,3.6,297.711,263.157,3.78,4080.110107,1664.5,84.37,1402,1,105.94999694824219
2022-12-01,1.252,3.5,296.797,257.897,4.1,3839.5,1726.5,76.44,1400,1,103.5199966430664
2023-01-01,1.29,3.4,299.17,260.227,4.33,4076.600098,1796.7,78.12,1443,1,102.0999984741211
2023-02-01,1.29,3.6,300.84,258.669,4.57,3970.149902,1898.6,76.83,1620,1,104.87000274658203
2023-03-01,1.29,3.5,301.836,257.062,4.65,4109.310059,1854.5,73.28,1493,1,102.51000213623047
2023-04-01,1.322,3.4,303.363,256.908,4.83,4169.47998,1912.7,79.45,1470,1,101.66999816894531
2023-05-01,1.322,3.7,304.127,253.67,5.06,4179.830078,2000.4,71.58,1532,1,104.31999969482422
2023-06-01,1.322,3.6,305.109,253.86,5.08,4450.379883,1990.2,70.25,1493,1,102.91000366210938
2023-07-01,1.349,3.5,305.691,253.835,5.12,4588.959961,1942.9,76.07,1501,1,101.86000061035156
2023-08-01,1.349,3.8,307.026,257.68,5.33,4507.660156,1948.9,81.39,1578,1,103.62000274658203
2023-09-01,1.349,3.8,307.789,258.934,5.33,4288.049805,1920.0,89.43,1515,1,106.16999816894531
2023-10-01,1.368,3.8,307.671,255.192,5.33,4193.799805,1917.0,85.64,1534,1,106.66000366210938
2023-11-01,1.368,3.7,307.051,252.856,5.33,4567.799805,1913.0,77.69,1508,1,103.5
2023-12-01,1.368,3.7,306.746,249.866,5.33,4769.830078,1985.3,71.9,1530,1,101.33000183105469
2024-01-01,1.377,3.7,308.417,251.306,5.33,4845.649902,2029.3,74.15,1508,1,103.2699966430664
2024-02-01,1.377,3.9,310.326,254.926,5.33,5096.27002,2034.0,77.25,1563,1,104.16000366210938
2024-03-01,1.377,3.8,312.332,255.095,5.33,5254.350098,2023.2,81.28,1485,1,104.55000305175781
2024-04-01,1.385,3.9,313.548,256.978,5.33,5035.689941,2158.0,85.35,1440,1,106.22000122070312
2024-05-01,1.385,4.0,314.069,255.313,5.33,5277.509766,2335.5,80.02,1399,1,104.66999816894531
2024-06-01,1.385,4.1,314.175,255.914,5.33,5460.47998,2352.1,79.77,1454,1,105.87000274658203
2024-07-01,1.389,4.3,314.54,257.326,5.33,5522.299805,2326.3,81.8,1406,1,104.0999984741211
2024-08-01,1.389,4.2,314.796,255.394,5.33,5648.399902,2395.3,76.68,1470,1,101.69999694824219
2024-09-01,1.389,4.1,315.301,252.737,5.13,5762.47998,2468.0,70.24,1425,1,100.77999877929688
2024-10-01,1.389,4.1,315.664,253.452,4.83,5705.450195,2567.1,71.99,1419,1,103.9800033569336
